job_id,dataset,model,reciprocal,job,job_type,split,epoch,avg_loss,avg_penalty,avg_cost,metric_name,metric,child_folder,child_job_id,train.batch_size,train.optimizer,train.optimizer_args.lr,train.lr_scheduler_args.patience,lookup_embedder.dim,lookup_embedder.initialize,lookup_embedder.initialize_args.normal_.std,lookup_embedder.initialize_args.uniform_.a,lookup_embedder.regularize,lookup_embedder.regularize_args.weighted,transh.entity_embedder.regularize_weight,transh.relation_embedder.regularize_weight,transh.entity_embedder.dropout,transh.relation_embedder.dropout,KvsAll.label_smoothing,transh.l_norm
1acee956,umls,transh,0,search,KvsAll,valid,105,,,,mean_reciprocal_rank_filtered_with_test,0.343688941,0,5ca0a89f,256,Adam,0.704880642,1,128,uniform_,0.002478691,-0.595557801,lp,FALSE,0.071613499,7.63E-12,0.482515939,-0.289026883,-0.167963282,1
1acee956,umls,transh,1,search,KvsAll,valid,110,,,,mean_reciprocal_rank_filtered_with_test,0.6111541,2,c6d704d7,1024,Adam,0.000690466,4,64,normal_,0.053393628,-0.939598604,lp,FALSE,6.53E-18,5.33E-19,0.22705333,0.417901639,-0.00498342,2
1acee956,umls,reciprocal_relations_model,0,search,KvsAll,valid,15,,,,mean_reciprocal_rank_filtered_with_test,0.743954571,4,eacfbd70,128,Adagrad,0.127002679,6,512,uniform_,5.45E-05,-0.462201047,,TRUE,9.98E-11,8.63E-10,-0.025581551,-0.076898234,0.137754361,1
1acee956,umls,reciprocal_relations_model,1,search,KvsAll,valid,190,,,,mean_reciprocal_rank_filtered_with_test,0.782205781,3,d42811d6,1024,Adam,0.009354487,3,512,xavier_normal_,0.003645079,-0.708956012,lp,TRUE,0.000377928,0.000321869,0.291928319,0.312601603,0.019546024,1
1acee956,umls,transh,1,search,KvsAll,valid,40,,,,mean_reciprocal_rank_filtered_with_test,0.75217199,6,a9af4166,128,Adagrad,0.170253485,7,32,normal_,2.98E-05,-0.201774551,lp,FALSE,1.61E-11,5.16E-14,-0.461295698,-0.161417532,-0.114118908,2
1acee956,umls,transh,0,search,KvsAll,valid,400,,,,mean_reciprocal_rank_filtered_with_test,0.525474876,1,e7ade88c,512,Adagrad,0.001019208,8,128,xavier_uniform_,0.198640564,-0.356843816,lp,FALSE,2.90E-08,2.24E-16,-0.217551793,0.040353337,-0.27475493,1
1acee956,umls,reciprocal_relations_model,0,search,KvsAll,valid,20,,,,mean_reciprocal_rank_filtered_with_test,0.633858382,9,794b192a,256,Adam,0.018577798,1,32,xavier_normal_,0.000248014,-0.865277437,,TRUE,2.25E-20,1.38E-06,0.043423689,-0.44922787,0.182489247,2
1acee956,umls,reciprocal_relations_model,1,search,KvsAll,valid,185,,,,mean_reciprocal_rank_filtered_with_test,0.818300961,7,ee67ca07,1024,Adagrad,0.234337826,0,32,xavier_normal_,0.000582194,-0.922957774,lp,FALSE,1.74E-12,1.18E-15,-0.405658761,0.171664868,0.23467962,1
1acee956,umls,transh,1,search,KvsAll,valid,20,,,,mean_reciprocal_rank_filtered_with_test,0.587702979,11,f22b9933,128,Adam,0.012862525,10,256,normal_,0.059371508,-0.416477497,lp,TRUE,1.46E-05,1.86E-06,0.357267935,-0.322848963,-0.217450488,2
1acee956,umls,transh,0,search,KvsAll,valid,400,,,,mean_reciprocal_rank_filtered_with_test,0.203933646,5,9f572ba6,512,Adam,0.037214757,6,64,normal_,1.28E-05,-0.009327995,,TRUE,5.75E-19,8.42E-09,0.104796034,0.44384829,-0.059300104,1
1acee956,umls,reciprocal_relations_model,0,search,KvsAll,valid,60,,,,mean_reciprocal_rank_filtered_with_test,0.741564885,13,6776fe85,256,Adagrad,0.002043731,5,256,xavier_uniform_,0.012227602,-0.518462323,lp,FALSE,2.66E-07,5.30E-18,-0.150379197,-0.034973797,0.078909535,2
1acee956,umls,reciprocal_relations_model,0,search,KvsAll,valid,270,,,,mean_reciprocal_rank_filtered_with_test,0.7577363,8,e0b368a3,512,Adam,0.58145798,7,512,xavier_normal_,0.000127101,-0.279642055,lp,FALSE,0.003894724,6.79E-13,0.415162267,0.294391165,0.04507627,2
1acee956,umls,transh,1,search,KvsAll,valid,400,,,,mean_reciprocal_rank_filtered_with_test,0.54605711,10,d3616ab1,256,Adagrad,0.003159602,2,64,uniform_,0.01588047,-0.755086267,lp,TRUE,6.51E-15,0.004316426,-0.33942765,-0.195453197,-0.102810519,1
1acee956,umls,transh,0,search,KvsAll,valid,400,,,,mean_reciprocal_rank_filtered_with_test,0.124481482,12,d88bf4ed,1024,Adagrad,0.055867318,2,128,xavier_uniform_,0.001059452,-0.662881697,,TRUE,1.29E-09,3.15E-10,-0.090861923,0.066635615,-0.258617207,2
1acee956,umls,reciprocal_relations_model,0,search,KvsAll,valid,115,,,,mean_reciprocal_rank_filtered_with_test,0.773654353,16,b91f480b,128,Adam,0.000303417,9,16,uniform_,0.864811566,-0.185210679,lp,FALSE,1.19E-16,5.00E-20,0.171601529,-0.407639044,0.203190016,1
1acee956,umls,reciprocal_relations_model,1,search,KvsAll,valid,400,,,,mean_reciprocal_rank_filtered_with_test,0.619346665,15,fe5c2dfd,1024,Adam,0.001127357,5,64,uniform_,0.005287179,-0.904969857,,TRUE,3.79E-10,1.01E-11,-0.355482832,-0.262777279,0.111271591,2
1acee956,umls,transh,1,search,KvsAll,valid,30,,,,mean_reciprocal_rank_filtered_with_test,0.345106207,18,40d87b2d,128,Adagrad,0.02649278,4,512,xavier_normal_,2.06E-05,-0.380728289,lp,FALSE,2.52E-17,0.063428641,0.404972421,0.226827591,-0.055370617,1
1acee956,umls,transh,1,search,KvsAll,valid,55,,,,mean_reciprocal_rank_filtered_with_test,0.038980092,19,26e08b7c,512,Adagrad,0.007091778,0,16,uniform_,0.140063995,-0.03724538,lp,FALSE,0.018783524,5.09E-09,0.148594211,-0.098013826,-0.192386124,2
1acee956,umls,reciprocal_relations_model,1,search,KvsAll,valid,400,,,,mean_reciprocal_rank_filtered_with_test,0.647349165,14,17e9f5d9,256,Adam,0.166897576,10,128,xavier_uniform_,0.000351124,-0.559868582,lp,TRUE,2.17E-14,7.99E-19,-0.104109577,0.376028972,0.250667397,1
1acee956,umls,reciprocal_relations_model,0,search,KvsAll,valid,60,,,,mean_reciprocal_rank_filtered_with_test,0.69022112,21,afce86f6,512,Adagrad,0.000584887,1,256,normal_,0.367292412,-0.29878588,,TRUE,8.48E-20,1.89E-14,0.338161442,-0.140294884,0.207156984,1
1acee956,umls,transh,1,search,KvsAll,valid,45,,,,mean_reciprocal_rank_filtered_with_test,0.763189819,22,935b6e7d,256,Adam,0.08377888,8,16,xavier_uniform_,0.001747737,-0.791625177,lp,FALSE,1.12E-07,3.00E-05,-0.414994622,0.354467259,-0.226219387,2
1acee956,umls,transh,0,search,KvsAll,valid,105,,,,mean_reciprocal_rank_filtered_with_test,0.72058831,20,00323e8d,1024,Adam,0.006093396,8,256,xavier_uniform_,0.036875306,-0.634166981,lp,FALSE,4.20E-12,1.23E-07,-0.170335204,-0.475470403,-0.086860219,1
1acee956,umls,reciprocal_relations_model,1,search,KvsAll,valid,45,,,,mean_reciprocal_rank_filtered_with_test,0.796065723,23,12878913,128,Adagrad,0.871538042,3,32,xavier_normal_,7.90E-05,-0.142640883,lp,TRUE,9.70E-05,7.87E-17,0.090694395,0.003607627,0.070104874,2
1acee956,umls,reciprocal_relations_model,0,search,KvsAll,valid,400,,,,mean_reciprocal_rank_filtered_with_test,0.185713727,17,ae010d0b,512,Adam,0.069094458,4,32,xavier_uniform_,8.98E-05,-0.083137135,lp,FALSE,1.04E-06,2.17E-05,-0.484179456,-0.344220139,0.122064065,1
1acee956,umls,transh,0,search,KvsAll,valid,85,,,,mean_reciprocal_rank_filtered_with_test,0.804708095,25,eb66831a,256,Adagrad,0.000482837,6,256,uniform_,0.022521887,-0.5766161,,TRUE,2.19E-18,3.52E-15,0.278801365,0.130047785,-0.030345413,2
1acee956,umls,transh,1,search,KvsAll,valid,205,,,,mean_reciprocal_rank_filtered_with_test,0.740373857,26,f513115d,1024,Adagrad,0.383274838,9,32,normal_,0.00153405,-0.981988925,lp,TRUE,3.79E-06,1.39E-17,0.027244947,-0.008987407,-0.17219941,1
1acee956,umls,reciprocal_relations_model,0,search,KvsAll,valid,400,,,,mean_reciprocal_rank_filtered_with_test,0.067499717,24,88e864b4,128,Adam,0.002677093,0,128,xavier_normal_,0.596217131,-0.491102972,lp,FALSE,4.58E-13,8.63E-08,-0.227862339,0.480850219,0.266298504,2
1acee956,umls,reciprocal_relations_model,0,search,KvsAll,valid,60,,,,mean_reciprocal_rank_filtered_with_test,0.707204854,29,2ed0562e,1024,Adagrad,0.036454656,9,128,uniform_,0.000401372,-0.744495123,lp,FALSE,4.62E-16,0.000766008,0.462440304,-0.221463034,0.157163019,2
1acee956,umls,transh,1,search,KvsAll,valid,400,,,,mean_reciprocal_rank_filtered_with_test,0.377581099,27,25c88d44,128,Adam,0.001549793,2,16,xavier_uniform_,0.085967022,-0.219919055,,TRUE,4.94E-09,4.72E-13,-0.292218512,0.257412758,-0.290407744,1
1acee956,umls,transh,0,search,KvsAll,valid,275,,,,mean_reciprocal_rank_filtered_with_test,0.753232195,28,5f4ae8f0,512,Adam,0.334254235,3,512,uniform_,1.81E-05,-0.315243062,lp,TRUE,1.68E-15,3.63E-20,-0.044568417,-0.38629133,-0.146209944,2
1acee956,umls,reciprocal_relations_model,0,search,KvsAll,valid,70,,,,mean_reciprocal_rank_filtered_with_test,0.713241484,33,7f2dc164,256,Adagrad,0.014216585,7,64,normal_,0.008637004,-0.837531287,lp,FALSE,0.001033552,5.83E-11,0.217841865,0.108276204,0.015272419,1
1acee956,umls,reciprocal_relations_model,1,search,KvsAll,valid,330,,,,mean_reciprocal_rank_filtered_with_test,0.811126428,30,b087a493,1024,Adam,0.482068506,2,256,uniform_,0.075099977,-0.20950628,lp,TRUE,7.70E-16,1.11E-09,0.126708337,0.179481893,-0.107282883,2
1acee956,umls,transh,1,search,KvsAll,valid,325,,,,mean_reciprocal_rank_filtered_with_test,0.781642937,31,fc205e6f,128,Adagrad,0.003369772,9,32,normal_,0.000655808,-0.701093176,,FALSE,0.000646577,1.77E-19,-0.112355997,-0.330665956,0.049511979,1
1acee956,umls,transh,0,search,KvsAll,valid,390,,,,mean_reciprocal_rank_filtered_with_test,0.766962765,32,89c572ca,512,Adagrad,0.052394168,7,512,normal_,0.009860526,-0.857513775,lp,FALSE,1.82E-16,2.10E-12,-0.364827884,0.467296021,0.18905883,2
1acee956,umls,reciprocal_relations_model,1,search,KvsAll,valid,140,,,,mean_reciprocal_rank_filtered_with_test,0.813678578,35,b1b69bba,256,Adam,0.000365713,2,32,xavier_normal_,1.10E-05,-0.364735753,lp,TRUE,2.78E-09,0.01338773,0.381987914,-0.0584215,-0.244449434,1
1acee956,umls,reciprocal_relations_model,1,search,KvsAll,valid,400,,,,mean_reciprocal_rank_filtered_with_test,0.618626507,34,6ac49ada,512,Adagrad,0.249462809,6,64,uniform_,0.016492442,-0.618921288,lp,TRUE,3.41E-06,5.41E-07,-0.179666909,0.302208231,-0.21295985,1
1acee956,umls,transh,0,search,KvsAll,valid,145,,,,mean_reciprocal_rank_filtered_with_test,0.714007933,36,5901f584,256,Adam,0.010599473,5,512,uniform_,0.000176444,-0.096359362,,FALSE,1.46E-13,3.41E-16,0.067658394,-0.203270231,0.230225565,2
1acee956,umls,transh,0,search,KvsAll,valid,125,,,,mean_reciprocal_rank_filtered_with_test,0.764673853,37,766e403f,1024,Adam,0.045128126,0,16,xavier_uniform_,0.8212418,-0.438804674,lp,FALSE,8.08E-07,9.46E-14,0.316224074,0.090083417,0.093022375,1
1acee956,umls,reciprocal_relations_model,0,search,KvsAll,valid,30,,,,mean_reciprocal_rank_filtered_with_test,0.752499212,40,84e653c7,128,Adagrad,0.001920232,10,128,uniform_,0.000782861,-0.96310704,lp,TRUE,6.27E-19,0.000148508,-0.423227694,-0.431086818,-0.073449602,2
1acee956,umls,reciprocal_relations_model,1,search,KvsAll,valid,95,,,,mean_reciprocal_rank_filtered_with_test,0.859397092,39,a54bef24,512,Adam,0.008786932,8,128,xavier_uniform_,0.002865143,-0.778482417,,FALSE,3.77E-12,4.12E-18,0.002383609,0.213517593,-0.12813103,1
1acee956,umls,transh,1,search,KvsAll,valid,180,,,,mean_reciprocal_rank_filtered_with_test,0.759511561,42,45f48e29,256,Adagrad,0.206607264,1,16,normal_,0.31968864,-0.256132918,lp,TRUE,3.17E-05,2.54E-08,-0.235116937,-0.312455572,0.033521564,2
1acee956,umls,transh,1,search,KvsAll,valid,400,,,,mean_reciprocal_rank_filtered_with_test,0.164082943,38,bb81edc1,1024,Adagrad,0.00084052,3,512,normal_,4.81E-05,-0.161846492,lp,TRUE,6.84E-20,6.74E-06,-0.490579562,0.42570728,0.177604923,1
1acee956,umls,reciprocal_relations_model,0,search,KvsAll,valid,400,,,,mean_reciprocal_rank_filtered_with_test,0.733046268,41,01e3c0b3,128,Adam,0.019772208,7,64,uniform_,0.042003965,-0.686361762,lp,FALSE,3.16E-08,1.08E-15,0.254794519,-0.084703843,-0.269833947,2
1acee956,umls,reciprocal_relations_model,1,search,KvsAll,valid,400,,,,mean_reciprocal_rank_filtered_with_test,0.201940735,43,29c55c7b,1024,Adagrad,0.004615265,4,64,uniform_,4.05E-05,-0.424241413,,FALSE,0.008445908,1.27E-19,-0.050985693,0.336030271,-0.153969434,2
1acee956,umls,transh,0,search,KvsAll,valid,105,,,,mean_reciprocal_rank_filtered_with_test,0.551157197,44,ea8ab209,128,Adam,0.660883372,6,256,normal_,0.003862805,-0.915066567,lp,TRUE,1.41E-14,2.07E-10,0.193875077,-0.184846172,0.284396587,1
1acee956,umls,transh,1,search,KvsAll,valid,35,,,,mean_reciprocal_rank_filtered_with_test,0.745315833,46,7ad7e61b,512,Adam,0.000736227,10,16,xavier_uniform_,0.00017979,-0.510731324,lp,TRUE,1.53E-10,0.002360243,0.437619025,0.0481589,0.142657031,2
1acee956,umls,reciprocal_relations_model,0,search,KvsAll,valid,70,,,,mean_reciprocal_rank_filtered_with_test,0.711465098,49,8f4ef5de,256,Adagrad,0.105374193,1,256,xavier_normal_,0.192212381,-0.017191084,lp,FALSE,1.41E-17,1.47E-12,-0.29949028,-0.4570334,-0.009922678,1
1acee956,umls,reciprocal_relations_model,0,search,KvsAll,valid,400,,,,mean_reciprocal_rank_filtered_with_test,0.479974712,45,973600c7,512,Adagrad,0.03006669,3,256,normal_,0.023913304,-0.799327573,lp,TRUE,6.91E-10,1.74E-18,0.235437083,-0.367652145,-0.295200553,2
1acee956,umls,transh,1,search,KvsAll,valid,265,,,,mean_reciprocal_rank_filtered_with_test,0.719928999,47,76fbe637,256,Adam,0.001649203,7,64,uniform_,0.000121817,-0.290955224,lp,FALSE,4.60E-17,2.79E-09,-0.003558352,0.153479763,0.161919169,1
1acee956,umls,transh,0,search,KvsAll,valid,380,,,,mean_reciprocal_rank_filtered_with_test,0.818560267,48,90f34203,1024,Adam,0.314018124,9,256,xavier_normal_,0.579259233,-0.13484838,,FALSE,0.002641462,0.041479498,-0.255114786,-0.016788678,0.001461675,2
1acee956,umls,reciprocal_relations_model,1,search,KvsAll,valid,185,,,,mean_reciprocal_rank_filtered_with_test,0.804997169,51,7ff61cc6,128,Adagrad,0.017250347,2,16,xavier_uniform_,0.001108741,-0.642090635,lp,TRUE,3.06E-15,2.56E-11,0.491754184,0.488651458,-0.132362616,1
1acee956,umls,reciprocal_relations_model,0,search,KvsAll,valid,85,,,,mean_reciprocal_rank_filtered_with_test,0.807763691,53,2a01f295,1024,Adam,0.073681642,9,16,normal_,0.106360511,-0.404063874,lp,TRUE,1.55E-19,7.16E-17,-0.194653117,-0.244895088,-0.02557095,1
1acee956,umls,transh,1,search,KvsAll,valid,400,,,,mean_reciprocal_rank_filtered_with_test,0.434536004,50,a9a6416f,128,Adagrad,0.000400555,0,128,xavier_uniform_,0.000462565,-0.881522224,lp,FALSE,2.05E-07,4.47E-07,0.052618061,0.280844784,0.11732619,2
1acee956,umls,transh,1,search,KvsAll,valid,65,,,,mean_reciprocal_rank_filtered_with_test,0.739334106,54,bc40eefc,512,Adagrad,0.462364637,4,64,xavier_normal_,0.00680774,-0.536443844,,FALSE,5.93E-13,9.10E-05,0.300268199,-0.394092679,0.280127523,1
1acee956,umls,reciprocal_relations_model,0,search,KvsAll,valid,55,,,,mean_reciprocal_rank_filtered_with_test,0.733771669,56,60fcfd10,256,Adam,0.002509722,6,512,normal_,1.60E-05,-0.060786964,lp,TRUE,1.36E-05,1.47E-14,-0.439251514,0.116077522,-0.186065084,2
1acee956,umls,reciprocal_relations_model,0,search,KvsAll,valid,400,,,,mean_reciprocal_rank_filtered_with_test,0.190327896,52,44a4718b,1024,Adagrad,0.00054845,8,512,normal_,2.86E-05,-0.243344046,lp,FALSE,7.94E-09,3.98E-08,0.112157448,-0.270597683,-0.240515334,1
1acee956,umls,transh,0,search,KvsAll,valid,75,,,,mean_reciprocal_rank_filtered_with_test,0.755565105,57,f0269486,128,Adam,0.100990671,3,64,normal_,0.005476473,-0.720954269,lp,TRUE,1.67E-20,2.53E-17,-0.125411051,0.234647963,0.221416344,2
1acee956,umls,transh,1,search,KvsAll,valid,400,,,,mean_reciprocal_rank_filtered_with_test,0.749001719,55,cce23ee0,512,Adam,0.005051296,1,128,xavier_normal_,0.000260415,-0.814196432,lp,TRUE,0.000125247,5.37E-15,-0.381789248,-0.121457336,0.06550437,1
1acee956,umls,reciprocal_relations_model,0,search,KvsAll,valid,110,,,,mean_reciprocal_rank_filtered_with_test,0.815475089,60,dfd6d3d4,256,Adagrad,0.92964033,8,16,xavier_uniform_,0.132564349,-0.338690949,,FALSE,1.52E-11,8.54E-06,0.363530716,0.399472454,-0.082223061,2
1acee956,umls,reciprocal_relations_model,1,search,KvsAll,valid,205,,,,mean_reciprocal_rank_filtered_with_test,0.71905775,58,59ebc50e,512,Adam,0.001366888,0,32,normal_,0.001976001,-0.58440838,lp,FALSE,3.53E-18,6.39E-11,-0.067001943,-0.148115247,-0.041056324,2
1acee956,umls,transh,1,search,KvsAll,valid,395,,,,mean_reciprocal_rank_filtered_with_test,0.646901371,59,7358531d,256,Adagrad,0.024894561,10,128,xavier_uniform_,0.463046232,-0.07521278,lp,TRUE,3.76E-11,1.00E-20,0.17791199,0.36228759,0.096993956,1
1acee956,umls,transh,1,search,KvsAll,valid,245,,,,mean_reciprocal_rank_filtered_with_test,0.805138149,62,37bc32a0,1024,Adagrad,0.007548689,5,32,xavier_normal_,6.81E-05,-0.483399875,lp,TRUE,5.56E-14,1.56E-13,0.422571361,-0.498913842,0.255249626,2
1acee956,umls,reciprocal_relations_model,0,search,KvsAll,valid,400,,,,mean_reciprocal_rank_filtered_with_test,0.53283668,61,6fa1331b,128,Adam,0.137552516,4,256,normal_,0.029658534,-0.989819358,,FALSE,0.034126144,0.000981747,-0.314469038,0.027051038,-0.197004936,1
1acee956,umls,reciprocal_relations_model,1,search,KvsAll,valid,355,,,,mean_reciprocal_rank_filtered_with_test,0.780066414,63,fb85a21f,1024,Adagrad,0.094503393,9,512,xavier_normal_,0.000292797,-0.524437593,lp,TRUE,0.063876632,1.34E-10,0.34859899,-0.171600937,-0.283911958,1
1acee956,umls,transh,0,search,KvsAll,valid,165,,,,mean_reciprocal_rank_filtered_with_test,0.630752236,65,a9cdaf5b,128,Adam,0.000516329,2,64,normal_,0.118032028,-0.002362751,lp,FALSE,9.83E-14,8.35E-20,-0.396749585,0.323151211,0.154146199,2
1acee956,umls,transh,0,search,KvsAll,valid,370,,,,mean_reciprocal_rank_filtered_with_test,0.725350082,64,6598f630,512,Adam,0.987512843,3,128,normal_,2.48E-05,-0.407804237,,FALSE,8.55E-11,1.13E-12,-0.141470052,-0.444278348,0.010094954,1
1acee956,umls,reciprocal_relations_model,1,search,KvsAll,valid,225,,,,mean_reciprocal_rank_filtered_with_test,0.760242486,67,cd7b5eb2,256,Adagrad,0.005397849,7,16,xavier_uniform_,0.006309296,-0.932594165,lp,TRUE,7.23E-18,0.001836953,0.096127057,0.034793472,-0.14216777,2
1acee956,umls,reciprocal_relations_model,0,search,KvsAll,valid,30,,,,mean_reciprocal_rank_filtered_with_test,0.733198341,69,15460d66,512,Adam,0.023294697,5,16,xavier_normal_,6.54E-05,-0.178016639,lp,TRUE,2.86E-11,1.98E-08,-0.330758759,-0.293961243,-0.033325323,2
1acee956,umls,transh,1,search,KvsAll,valid,400,,,,mean_reciprocal_rank_filtered_with_test,0.493259594,66,3dddedee,256,Adagrad,0.001286874,6,256,xavier_uniform_,0.030879652,-0.669116451,lp,FALSE,0.000219896,3.17E-18,0.40625303,0.195633595,0.128596188,1
1acee956,umls,transh,0,search,KvsAll,valid,400,,,,mean_reciprocal_rank_filtered_with_test,0.399247058,68,c25438df,1024,Adagrad,0.146101988,10,64,xavier_normal_,0.002100324,-0.764493862,,FALSE,3.82E-20,7.08E-16,0.1626922,-0.066699712,0.270303773,2
1acee956,umls,reciprocal_relations_model,0,search,KvsAll,valid,145,,,,mean_reciprocal_rank_filtered_with_test,0.760100991,72,e3097597,128,Adam,0.008067331,0,256,uniform_,0.436156698,-0.271228279,lp,TRUE,1.62E-08,4.37E-06,-0.082193123,0.407336898,-0.177413208,1
1acee956,umls,reciprocal_relations_model,0,search,KvsAll,valid,25,,,,mean_reciprocal_rank_filtered_with_test,0.744918121,73,42af6df0,512,Adagrad,0.001762513,1,256,xavier_normal_,0.502794629,-0.455738742,lp,FALSE,2.40E-05,5.26E-16,0.475800275,-0.190270979,-0.23041721,2
1acee956,umls,transh,1,search,KvsAll,valid,400,,,,mean_reciprocal_rank_filtered_with_test,0.292057669,71,09f5ea27,256,Adam,0.031935462,8,32,normal_,0.00127829,-0.947050981,lp,TRUE,1.12E-12,8.28E-07,-0.27103627,0.288598603,0.212490094,1
1acee956,umls,transh,1,search,KvsAll,valid,315,,,,mean_reciprocal_rank_filtered_with_test,0.530875645,70,b5183c6d,1024,Adam,0.01624056,7,128,xavier_normal_,0.026857701,-0.603743548,lp,TRUE,4.18E-07,0.000192729,-0.018625434,-0.417597382,0.072984372,2
1acee956,umls,reciprocal_relations_model,0,search,KvsAll,valid,70,,,,mean_reciprocal_rank_filtered_with_test,0.746239598,76,f0e59779,128,Adagrad,0.293837563,4,32,uniform_,0.000108345,-0.110690869,,FALSE,3.54E-19,1.21E-13,0.220337575,0.076960157,-0.093218688,1
1acee956,umls,reciprocal_relations_model,1,search,KvsAll,valid,255,,,,mean_reciprocal_rank_filtered_with_test,0.841785361,74,fddc141f,1024,Adam,0.000428035,5,16,xavier_normal_,0.007227405,-0.872958543,lp,FALSE,5.41E-15,2.27E-19,-0.45457985,-0.312906025,-0.050001169,1
1acee956,umls,transh,1,search,KvsAll,valid,400,,,,mean_reciprocal_rank_filtered_with_test,0.586603832,75,edd18027,128,Adagrad,0.078268515,4,128,xavier_uniform_,1.50E-05,-0.350121959,lp,TRUE,0.004950222,1.44E-09,0.284972289,0.161355712,0.107110677,2
1acee956,umls,transh,1,search,KvsAll,valid,90,,,,mean_reciprocal_rank_filtered_with_test,0.451327739,79,01eabd6c,512,Adagrad,0.002362737,1,64,uniform_,0.102155105,-0.192854498,lp,TRUE,9.45E-17,0.020420935,0.036467627,-0.040171371,0.244272596,1
1acee956,umls,reciprocal_relations_model,0,search,KvsAll,valid,400,,,,mean_reciprocal_rank_filtered_with_test,0.107526416,77,a76f72e4,256,Adam,0.432663992,10,512,uniform_,0.000482018,-0.716882207,,FALSE,1.57E-09,3.25E-12,-0.210835977,0.449656223,-0.189543531,2
1acee956,umls,reciprocal_relations_model,1,search,KvsAll,valid,215,,,,mean_reciprocal_rank_filtered_with_test,0.691954583,78,af60b2b0,512,Adam,0.192952908,7,128,xavier_uniform_,4.52E-05,-0.497076068,lp,TRUE,2.94E-17,1.54E-20,0.269892179,0.343795595,-0.096305567,1
1acee956,umls,transh,1,search,KvsAll,valid,160,,,,mean_reciprocal_rank_filtered_with_test,0.770802504,83,ee547bfd,256,Adagrad,0.008288717,3,16,uniform_,0.044774561,-0.97502198,,FALSE,3.42E-10,9.73E-11,-0.475510512,-0.130233564,0.042050289,2
1acee956,umls,transh,0,search,KvsAll,valid,400,,,,mean_reciprocal_rank_filtered_with_test,0.328998238,80,3d907357,1024,Adagrad,0.02096152,2,512,uniform_,0.002974586,-0.567941143,lp,FALSE,2.43E-14,0.001279276,-0.219193367,0.009045407,0.198003389,1
1acee956,umls,reciprocal_relations_model,0,search,KvsAll,valid,35,,,,mean_reciprocal_rank_filtered_with_test,0.742755352,84,eed03360,128,Adam,0.000899967,9,64,xavier_normal_,0.307637483,-0.092771348,lp,TRUE,0.016231637,2.01E-13,0.018335789,-0.48054198,-0.254565868,2
1acee956,umls,reciprocal_relations_model,0,search,KvsAll,valid,400,,,,mean_reciprocal_rank_filtered_with_test,0.478803997,81,54590859,1024,Adagrad,0.61718766,0,32,normal_,0.000206523,-0.830335609,lp,TRUE,6.62E-08,3.26E-17,-0.283309269,0.221404928,-0.220439565,2
1acee956,umls,transh,1,search,KvsAll,valid,385,,,,mean_reciprocal_rank_filtered_with_test,0.749949262,82,d375b53b,128,Adam,0.004353717,9,512,xavier_normal_,0.167165133,-0.321475698,,FALSE,1.52E-19,5.17E-08,0.453771426,-0.257720835,0.241220905,1
1acee956,umls,transh,0,search,KvsAll,valid,130,,,,mean_reciprocal_rank_filtered_with_test,0.688136891,85,7578146b,512,Adam,0.111702132,6,32,uniform_,3.60E-05,-0.229324536,lp,FALSE,5.47E-05,1.30E-05,0.209173074,0.386715798,0.082923966,2
1acee956,umls,reciprocal_relations_model,0,search,KvsAll,valid,75,,,,mean_reciprocal_rank_filtered_with_test,0.823589863,88,7c8dbc50,256,Adagrad,0.00078837,4,256,xavier_normal_,0.004355915,-0.736079707,lp,TRUE,7.22E-12,8.27E-15,-0.035659086,-0.108090293,-0.064523068,1
1acee956,umls,reciprocal_relations_model,1,search,KvsAll,valid,400,,,,mean_reciprocal_rank_filtered_with_test,0.295190729,86,abc7ed97,1024,Adam,0.003608437,3,256,xavier_uniform_,0.010246739,-0.553407913,,FALSE,1.39E-18,2.90E-07,0.398016219,0.263083234,-0.118307564,2
1acee956,umls,transh,1,search,KvsAll,valid,395,,,,mean_reciprocal_rank_filtered_with_test,0.713905147,87,d736d1ee,128,Adagrad,0.511017719,8,16,xavier_normal_,1.06E-05,-0.044699875,lp,TRUE,1.69E-06,4.71E-17,-0.348767155,-0.226767307,0.024869973,1
1acee956,umls,transh,1,search,KvsAll,valid,170,,,,mean_reciprocal_rank_filtered_with_test,0.792648596,90,066eb5a7,512,Adagrad,0.000344988,8,256,uniform_,0.070453267,-0.38891615,lp,TRUE,2.79E-13,1.13E-14,-0.097393813,0.097829607,0.185359583,2
12a64712,umls,reciprocal_relations_model,1,search,,valid,170,,,,mean_reciprocal_rank_filtered_with_test,0.792648596,90,066eb5a7,256,Adam,0.048930016,1,64,xavier_normal_,0.000698168,-0.895822717,lp,FALSE,5.90E-06,7.05E-05,0.141638096,-0.376455077,-0.281104232,1
1acee956,umls,reciprocal_relations_model,0,search,KvsAll,valid,400,,,,mean_reciprocal_rank_filtered_with_test,0.062662376,89,087242f4,512,Adagrad,0.01134913,10,64,normal_,0.728269466,-0.150324162,,FALSE,6.21E-09,2.17E-09,-0.4080386,0.140479026,-0.162603001,1
12a64712,umls,transh,0,search,KvsAll,valid,400,,,,mean_reciprocal_rank_filtered_with_test,0.06272488,89,174ebf6c,256,Adam,0.264468181,0,512,uniform_,0.000881606,-0.627446825,lp,TRUE,3.80E-16,1.33E-18,0.331445592,-0.354041021,0.294202028,2
1acee956,umls,transh,1,search,KvsAll,valid,400,,,,mean_reciprocal_rank_filtered_with_test,0.188219234,91,52243743,1024,Adam,0.001811355,4,16,xavier_uniform_,0.018963697,-0.782706822,lp,TRUE,0.001244948,1.68E-11,0.083978573,0.475164342,0.131368721,1
12a64712,umls,reciprocal_relations_model,1,search,KvsAll,valid,400,,,,mean_reciprocal_rank_filtered_with_test,0.188789649,91,828a906d,128,Adagrad,0.042145678,5,128,xavier_normal_,0.000153605,-0.306714254,lp,FALSE,1.32E-15,0.026993409,-0.163379155,-0.003667749,-0.002149993,2
1acee956,umls,reciprocal_relations_model,0,search,KvsAll,valid,385,,,,mean_reciprocal_rank_filtered_with_test,0.702507768,92,f443dc5e,512,Adam,0.0004554,1,32,xavier_uniform_,0.001317443,-0.676969512,,TRUE,0.000585268,0.005545936,-0.244029909,-0.213701584,0.102327032,1
12a64712,umls,transh,0,search,KvsAll,valid,345,,,,mean_reciprocal_rank_filtered_with_test,0.701226732,92,7fbe116c,256,Adagrad,0.064536518,10,256,uniform_,0.695605921,-0.170275612,lp,FALSE,8.97E-16,8.79E-13,0.011048766,0.31202924,-0.045254184,2
1acee956,umls,transh,0,search,KvsAll,valid,390,,,,mean_reciprocal_rank_filtered_with_test,0.617996684,93,4310025f,1024,Adagrad,0.002866092,6,16,normal_,0.000101942,-0.263342302,lp,FALSE,2.41E-09,7.63E-20,0.263459648,-0.425401067,-0.20336344,1
12a64712,umls,reciprocal_relations_model,0,search,KvsAll,valid,400,,,,mean_reciprocal_rank_filtered_with_test,0.603563414,93,c73d0e16,128,Adam,0.40637558,4,256,xavier_uniform_,0.019802413,-0.772263008,lp,TRUE,2.04E-16,4.87E-10,-0.499492562,0.08476387,0.258129088,2
12a64712,umls,reciprocal_relations_model,1,search,KvsAll,valid,260,,,,mean_reciprocal_rank_filtered_with_test,0.182198589,94,5ec75c34,1024,Adagrad,0.001461769,7,128,uniform_,1.90E-05,-0.025849,,TRUE,2.61E-13,2.87E-06,0.202788223,-0.33633656,0.217255393,2